lemma,acad_freq,mag_freq
be,1285658,1685537
have,205542,322017
use,123168,100086
make,108390,188800
see,81366,106260
do,78073,159511
provide,70883,29334
take,70041,122535
find,67101,84151
say,66485,319817
become,58978,58301
give,55074,69738
include,49175,27624
know,45447,99190
show,44822,39409
come,42359,93949
need,41475,58052
go,41391,137781
develop,38254,18375
work,37162,64666
suggest,36252,17392
require,34992,19684
begin,34056,45151
help,33258,51200
write,33059,31590
think,33031,76094
create,32918,31651
consider,32180,20776
seem,31115,38898
report,30537,11183
call,29417,57196
indicate,28783,6068
involve,28511,13381
base,28353,11858
get,28061,143963
lead,27874,23254
allow,27850,24514
describe,27497,11367
learn,27464,26739
identify,27388,7532
ask,26579,43413
understand,26148,16347
increase,25869,13115
appear,25783,19607
receive,24476,15361
want,24385,78145
continue,24321,20436
remain,24262,18049
support,23959,11723
represent,23688,8319
determine,23424,9091
produce,23061,19539
leave,22896,49204
mean,22876,30126
offer,22762,28312
believe,22385,25735
look,22097,69556
hold,21886,30624
present,21682,6285
serve,21648,27289
follow,21411,19152
feel,21313,49341
occur,21313,8902
bring,21112,32524
note,20680,11305
examine,20036,3622
play,19442,33874
focus,19317,9539
tell,19261,56237
reduce,19242,15596
establish,19221,7853
live,18987,32751
compare,18986,8918
change,18716,22391
meet,18448,20394
seek,18388,10152
associate,18270,3874
explain,18243,19414
result,18128,5852
argue,17981,7644
try,17904,49949
read,17878,18447
teach,17580,11539
reflect,17496,6794
keep,17478,55448
move,17429,30795
address,16652,4353
affect,16484,7199
set,16442,28881
put,16414,42427
define,16305,4834
recognize,15969,7769
discuss,15802,5328
conduct,15802,4845
improve,15684,9729
apply,15592,10077
expect,15373,16178
demonstrate,15371,4208
maintain,15334,9256
reveal,15170,8750
achieve,15080,6593
build,14907,26007
perform,14666,7930
exist,14571,6759
turn,14518,41048
design,14459,11832
add,14430,41121
relate,14266,3126
cause,14217,17143
contain,13812,11785
choose,13754,15805
measure,13140,6188
speak,13075,14302
assess,12911,1672
obtain,12820,3008
refer,12670,5320
experience,12656,6351
place,12625,9327
observe,12566,6275
reach,12552,17418
start,12250,41914
draw,12210,12796
engage,12138,4457
participate,12111,3090
promote,12061,5281
complete,12015,5300
express,11912,4926
encourage,11910,7334
contribute,11891,4842
tend,11883,9401
grow,11853,27592
lose,11853,25577
pay,11727,25742
carry,11709,15957
accept,11707,8363
assume,11476,6091
influence,11386,2893
raise,11303,16133
study,11292,8425
share,11268,11483
form,11124,10303
fail,11084,8909
face,10987,12470
agree,10984,10724
respond,10914,6761
view,10831,4898
enter,10728,9789
run,10687,36148
control,10406,7375
limit,10324,5223
concern,10211,4003
publish,9974,7455
spend,9969,25714
return,9914,13017
explore,9900,5218
evaluate,9822,1951
protect,9816,11205
happen,9791,23412
state,9774,2610
implement,9458,1632
deal,9405,7656
prepare,9396,10214
avoid,9382,11542
ensure,9360,4609
generate,9356,5047
emerge,9329,5271
send,9303,18268
pass,9270,16369
fall,9251,17187
emphasize,9230,2734
regard,9221,3061
prevent,9139,10386
let,9101,33215
claim,9030,8147
act,9020,7409
point,8929,9860
collect,8929,5524
hear,8843,21192
decide,8829,15737
stand,8741,21465
bear,8696,12157
consist,8678,2946
attempt,8645,3591
employ,8503,3485
analyze,8469,2192
select,8467,3623
depend,8424,5676
introduce,8390,6877
conclude,8381,3964
gain,8362,6129
adopt,8356,3535
test,8262,7900
attend,8179,5941
prove,8175,10468
treat,8125,9740
enhance,8044,3101
range,7981,4410
perceive,7942,1551
cover,7858,15675
talk,7778,22104
extend,7737,5712
end,7718,14199
predict,7547,4381
like,7397,23731
enable,7378,3637
mention,7306,5741
propose,7283,3617
open,7281,15208
expand,7246,5413
realize,7244,11913
vary,7232,3716
manage,7156,9043
die,7142,16098
operate,7122,5260
remove,7095,14375
discover,6993,10902
constitute,6934,1448
combine,6926,9459
link,6915,3951
join,6842,10905
force,6834,8326
differ,6775,1409
investigate,6694,2262
illustrate,6642,2351
organize,6605,4105
incorporate,6548,2619
drive,6449,15381
characterize,6412,1458
rely,6373,4602
sell,6341,20408
cite,6332,3005
facilitate,6303,740
estimate,6290,4030
oppose,6238,3601
account,6218,2608
arise,6140,2378
replace,6097,8129
stop,6092,19244
acknowledge,6079,3493
lack,6040,4408
break,6024,15041
suffer,5996,8116
interpret,5994,1517
win,5992,19834
imply,5941,1542
derive,5931,1729
lie,5903,9461
intend,5762,3845
connect,5747,5747
remember,5736,16009
enjoy,5734,12127
review,5722,2106
construct,5712,2087
pursue,5710,3622
challenge,5705,3450
acquire,5681,3254
kill,5679,13107
hope,5576,11062
record,5567,4129
plan,5529,9414
ignore,5499,4672
solve,5486,3712
direct,5452,4302
permit,5440,2869
confirm,5422,3371
reject,5406,2732
eliminate,5345,4876
inform,5336,2342
divide,5331,4232
answer,5301,5524
impose,5299,2209
deny,5234,3860
fill,5223,13227
visit,5202,9196
assist,5160,1809
display,5137,4237
recommend,5110,7045
decrease,5051,1875
rise,5028,10386
arrive,5003,9963
integrate,4991,1385
assign,4950,1819
sit,4907,20622
wish,4894,4634
deliver,4891,7442
shape,4886,3576
walk,4852,17979
transform,4844,3810
commit,4838,4223
pose,4835,3981
expose,4817,4062
threaten,4811,4334
name,4762,10104
calculate,4746,1948
distinguish,4720,1853
benefit,4704,3154
practice,4655,3276
save,4622,13694
cut,4619,18976
listen,4614,7926
imagine,4612,7744
belong,4601,3535
preserve,4600,4078
stay,4585,16690
capture,4554,5149
exhibit,4523,2103
assert,4471,1865
reinforce,4444,1543
refuse,4433,5302
wear,4412,16805
fight,4357,9172
approach,4344,4587
possess,4334,1914
dominate,4325,3195
yield,4319,2609
fit,4303,7427
resolve,4294,2335
buy,4285,25989
aim,4278,3211
highlight,4262,2265
exclude,4261,1069
lay,4243,8320
retain,4231,2593
adapt,4218,2551
recall,4213,9251
demand,4209,4242
prefer,4202,5644
detect,4182,3375
initiate,4170,1329
administer,4145,1144
list,4134,3289
grant,4132,2630
mark,4130,3989
declare,4119,4356
eat,4094,18580
correlate,4088,352
drop,4059,10811
accompany,4050,2804
communicate,4049,2137
ed,4046,488
attribute,4030,1499
utilize,4017,943
catch,4002,12148
watch,3981,18258
accomplish,3978,2635
travel,3971,7820
insist,3967,5532
function,3945,1654
train,3933,3954
gather,3928,5203
monitor,3918,2654
surround,3913,5247
guide,3896,2286
admit,3883,7234
handle,3873,8959
destroy,3872,4936
attract,3862,5144
survive,3856,5900
encounter,3820,2726
earn,3819,7683
question,3816,2274
confront,3813,2439
miss,3801,8972
document,3800,1537
depict,3771,2204
alter,3752,2428
invite,3744,5017
separate,3685,3243
shift,3680,3568
defend,3670,3077
push,3662,10156
succeed,3651,3285
wait,3634,13597
issue,3601,3018
strengthen,3599,2335
decline,3590,2783
translate,3585,2131
sustain,3557,1957
sign,3556,6607
</p>,3538,0
release,3517,6495
undertake,3516,973
embrace,3499,3202
close,3498,6681
score,3487,2814
evolve,3477,3138
overcome,3463,2182
judge,3457,2473
favor,3446,2797
love,3415,20741
motivate,3413,1561
exceed,3412,2061
comprise,3412,1023
distribute,3406,2184
foster,3340,1102
undergo,3339,2028
suppose,3326,5622
advance,3319,1975
adjust,3315,3670
announce,3313,5565
match,3303,4567
care,3227,6539
educate,3225,2053
justify,3222,1370
classify,3180,816
modify,3177,1199
rate,3160,1232
occupy,3149,2169
undermine,3139,1211
abandon,3127,3075
purchase,3116,4370
resist,3107,2877
settle,3103,5275
stress,3095,1628
compose,3092,1564
minimize,3085,1779
advocate,3075,1144
marry,3073,7131
negotiate,3073,1899
feature,3071,7027
secure,3061,2652
transfer,3045,2501
remind,3035,4861
submit,3024,1530
interact,3021,1206
devote,3018,2538
render,3007,1793
satisfy,3004,2359
convert,2999,3067
bind,2976,2693
exercise,2960,2595
approve,2953,2673
repeat,2934,2569
locate,2929,2577
outline,2922,1123
regulate,2916,1783
concentrate,2904,2662
strike,2902,5429
articulate,2852,795
charge,2840,5158
sing,2833,4016
process,2826,1502
throw,2825,10134
search,2821,4443
accord,2819,2248
peer,2814,1210
spread,2810,5458
forget,2794,7729
pick,2790,13542
count,2784,4918
govern,2777,1194
convey,2775,1430
compete,2773,3496
own,2770,7166
appreciate,2768,3827
proceed,2768,1712
correspond,2768,640
summarize,2757,479
check,2752,11009
attach,2749,4499
fear,2746,3274
target,2745,1943
feed,2733,5756
interview,2730,1890
fund,2729,2166
specify,2720,776
order,2717,5118
invest,2704,4998
struggle,2676,3848
hire,2673,5007
supply,2664,2618
access,2653,840
afford,2651,3957
restore,2650,3243
launch,2640,6118
criticize,2633,1623
recruit,2609,1634
inspire,2607,5124
portray,2588,1756
prompt,2548,2020
tie,2532,4191
pull,2528,13622
cross,2525,5096
assure,2522,2255
anticipate,2511,1646
retrieve,2510,947
convince,2508,3575
violate,2502,1359
disappear,2486,4188
enrol,2449,851
recover,2433,2885
quote,2424,1623
rule,2417,2403
attack,2398,3505
comment,2393,1250
promise,2392,4649
thank,2386,3818
stimulate,2379,1917
celebrate,2366,4473
value,2357,1481
cope,2355,1430
found,2344,3231
head,2327,8587
warn,2317,4310
entitle,2312,1392
enforce,2311,1034
urge,2302,2915
notice,2296,6055
disagree,2289,1410
label,2286,1487
qualify,2284,1888
rest,2282,3379
sound,2281,7671
escape,2280,3129
isolate,2275,1392
wonder,2273,6520
hide,2248,4846
attain,2242,674
resemble,2240,2838
prohibit,2234,1236
clarify,2222,589
conceive,2219,1171
contend,2217,1704
flow,2211,2827
accommodate,2210,1824
diminish,2209,1307
complain,2206,3271
persist,2206,1199
stem,2186,2617
embody,2177,867
arrange,2168,4008
consume,2142,3051
designate,2131,1206
cast,2120,3633
request,2106,1307
date,2104,3289
enact,2099,752
last,2092,3978
reverse,2086,1856
store,2074,3286
register,2066,1637
worry,2062,7599
induce,2060,981
formulate,2058,582
pp.,2058,295
guarantee,2040,2243
restrict,2022,1069
rank,2017,2149
fix,2013,3671
elect,2002,1925
exploit,1996,1287
entail,1993,580
finish,1981,7719
hit,1979,15070
vote,1975,3262
deem,1970,995
correct,1967,1441
contact,1965,1942
print,1964,2332
advise,1960,3601
dismiss,1955,1926
contrast,1953,662
sponsor,1950,1587
accuse,1943,2093
manipulate,1932,1172
respect,1929,1662
deserve,1925,2630
endorse,1921,1006
underlie,1911,480
code,1899,233
survey,1894,1236
coordinate,1892,1109
invoke,1882,666
withdraw,1876,1615
affirm,1875,737
block,1871,3895
manifest,1871,457
reside,1866,994
file,1863,2830
fly,1857,8458
absorb,1854,3462
mount,1849,4029
encompass,1843,729
originate,1836,989
suspect,1831,2859
instruct,1826,1057
project,1818,1326
differentiate,1814,418
step,1802,5776
track,1801,3507
install,1797,5319
aid,1789,1079
revise,1786,555
appeal,1785,1678
trace,1780,1494
react,1773,2040
lend,1761,1910
evoke,1749,1040
strive,1741,1053
cost,1739,6932
diagnose,1730,2032
hang,1715,8391
appoint,1714,1177
paint,1713,7062
blame,1713,2918
balance,1713,1861
touch,1712,4695
mediate,1710,214
mix,1709,4462
dedicate,1705,1658
center,1704,1096
witness,1692,1439
complicate,1687,1144
model,1679,753
condemn,1677,944
burn,1673,6025
please,1671,3418
press,1654,3630
overlook,1652,2428
maximize,1646,1024
compute,1639,333
behave,1637,1467
lower,1633,3098
hypothesize,1632,132
transmit,1629,1254
figure,1615,6577
award,1615,1179
desire,1612,2223
average,1606,1345
root,1602,1220
welcome,1588,2694
underscore,1584,532
reproduce,1580,945
discourage,1577,1412
prevail,1574,1046
elicit,1568,478
shoot,1561,8552
owe,1559,2019
consult,1558,1805
allocate,1548,453
progress,1546,1042
dictate,1543,1171
overlap,1524,697
precede,1522,682
execute,1505,1472
subject,1502,723
authorize,1500,722
validate,1494,328
schedule,1475,2243
weigh,1474,4088
echo,1470,1349
comply,1468,585
replicate,1464,614
exert,1461,655
interfere,1460,1146
invent,1457,2283
couple,1457,699
categorize,1453,215
persuade,1450,1762
provoke,1446,940
constrain,1446,272
confine,1439,912
trigger,1435,2553
devise,1435,1273
impact,1435,417
frame,1430,1243
fulfil,1426,828
graduate,1419,1993
cultivate,1417,997
compel,1410,846
compensate,1409,1047
weaken,1409,1012
situate,1402,595
double,1401,3264
lift,1396,5398
collaborate,1390,667
defeat,1385,1595
unite,1383,905
empower,1381,740
accelerate,1378,1316
cease,1371,943
deploy,1367,1209
honor,1363,1743
pertain,1360,152
intervene,1359,574
tolerate,1353,1156
structure,1353,345
suppress,1344,934
verify,1339,663
slow,1335,3909
align,1335,1001
assemble,1332,2517
suit,1331,1907
proclaim,1324,1402
mandate,1320,732
delay,1319,1291
mobilize,1319,511
fulfill,1316,625
signal,1308,1210
orient,1305,443
grasp,1304,1263
accumulate,1300,1258
matter,1299,2802
punish,1293,987
uphold,1288,492
carve,1287,2334
compromise,1282,972
equip,1281,1931
hurt,1277,4695
conform,1276,468
praise,1273,1433
lecture,1269,946
signify,1269,425
edit,1267,1457
seize,1263,1656
bury,1262,2411
exemplify,1262,412
confuse,1252,1604
compile,1249,842
stick,1247,6941
exacerbate,1247,520
dress,1241,4401
disrupt,1241,913
extract,1238,866
transport,1237,1198
coincide,1234,579
arrest,1232,1885
drink,1231,4507
load,1230,2491
envision,1229,1393
cooperate,1226,696
update,1224,1410
position,1223,1421
disclose,1223,750
inhibit,1220,787
risk,1218,1557
back,1217,3143
pour,1214,5499
mirror,1212,1287
reply,1210,2795
prescribe,1209,1231
trade,1208,2527
borrow,1207,1886
ban,1206,1609
stretch,1202,3945
warrant,1195,456
transcend,1187,547
amount,1181,909
intensify,1181,687
forge,1176,1006
counter,1174,900
switch,1173,3564
beat,1163,7044
collapse,1160,1593
elaborate,1158,261
plant,1157,3348
preclude,1157,280
ground,1153,573
remark,1146,948
hand,1136,2739
posit,1133,180
cf.,1130,18
broaden,1129,551
endure,1127,1776
damage,1118,2080
shed,1111,1654
embed,1111,524
uncover,1109,1334
term,1105,372
substitute,1104,1183
testify,1102,1251
refine,1102,861
surprise,1100,3338
post,1095,2045
sleep,1094,5663
finance,1093,1258
import,1092,835
generalize,1092,111
manufacture,1089,1520
stabilize,1089,917
supplement,1087,756
group,1087,309
jump,1086,4797
reward,1078,1362
suspend,1070,1162
neglect,1070,680
debate,1067,945
mitigate,1066,298
reprint,1065,444
map,1060,877
speculate,1059,974
reconcile,1059,518
perpetuate,1049,371
clean,1045,3386
nurture,1039,1098
master,1036,1094
steal,1034,2968
trust,1033,2211
presume,1033,458
retire,1030,2863
illuminate,1027,886
forbid,1026,976
sample,1025,287
inhabit,1022,901
scan,1021,1892
sacrifice,1016,1226
clear,1015,2453
hinder,1015,399
house,1013,1363
discriminate,1005,381
free,1004,1254
institute,999,457
omit,998,1442
flee,996,1838
reserve,996,1574
contradict,994,407
conceptualize,993,62
infer,992,201
specialize,984,1976
screen,978,807
fire,976,3406
split,976,2001
gaze,976,1397
amend,976,320
denote,973,243
evidence,972,241
activate,967,829
merge,966,978
sum,964,653
draft,962,957
shake,960,4564
plague,958,1018
land,956,3080
fuel,956,1428
contemplate,955,860
symbolize,953,559
complement,951,889
sue,947,1647
penetrate,947,1158
parallel,946,327
equal,945,955
supervise,943,631
ascertain,941,118
shut,940,3351
research,938,831
reform,935,591
recycle,932,964
unfold,930,956
sense,929,1496
confer,927,509
offset,926,817
wash,924,3306
inherit,924,1123
guess,922,3581
cry,920,3979
harm,919,842
insert,918,1963
adhere,914,583
alleviate,914,563
discharge,912,400
tear,911,2953
tap,911,1955
underestimate,908,603
displace,908,436
erode,907,719
reconstruct,907,452
quantify,905,210
oversee,902,1375
deprive,902,762
enrich,898,685
flourish,894,1074
redefine,894,584
command,893,1464
recount,893,809
voice,891,487
climb,879,5640
slip,879,3981
obscure,879,629
pray,878,2383
doubt,878,1263
migrate,873,789
await,872,1644
object,871,586
spark,866,1653
equate,865,355
multiply,864,806
consolidate,863,447
thrive,862,1916
opt,862,1895
ride,861,7143
conceal,861,845
divert,861,668
roll,860,5072
export,860,556
protest,859,976
dissolve,858,1274
infect,857,960
invade,855,1128
title,852,854
volunteer,851,952
weave,849,1252
commission,848,839
harvest,847,1173
admire,843,2000
comprehend,843,305
necessitate,843,198
resume,840,1278
deter,838,571
delineate,838,170
discern,835,430
incur,834,404
lock,833,2670
hate,830,3625
blend,827,2861
engender,827,246
relieve,826,1688
depart,826,856
relax,825,3575
circulate,822,715
exchange,821,857
denounce,819,701
ease,818,2086
implicate,818,333
emit,815,1202
s,813,1175
concede,807,1287
discard,805,1573
impede,801,331
span,800,879
distort,799,527
rotate,795,1492
erect,790,791
assimilate,790,182
host,787,1878
insure,787,592
deepen,785,618
alienate,785,488
contract,783,939
blow,778,4317
tackle,778,2389
renew,776,908
certify,776,740
terminate,775,373
culminate,773,433
sort,771,1101
revive,767,932
scatter,765,1469
preach,762,1158
photograph,762,1136
simplify,761,652
allege,752,543
copy,749,1074
postulate,747,131
inject,746,1093
oblige,745,543
bridge,743,380
caution,741,944
bolster,741,707
sweep,739,1789
overwhelm,739,1219
lessen,739,485
disseminate,733,152
dance,730,1582
rebuild,729,1289
interrupt,725,929
blur,724,550
construe,723,122
sink,722,2604
dispose,722,443
solicit,721,383
boost,718,3006
market,715,1124
regain,714,1012
imitate,714,676
impress,711,1464
abolish,711,399
drain,710,3440
greet,709,2026
injure,709,1116
shrink,707,1794
dream,706,2265
detail,706,647
dig,704,2656
descend,704,1481
disturb,704,808
effect,701,148
arouse,698,520
enlist,697,868
internalize,696,149
optimize,690,330
betray,689,795
combat,686,668
resort,686,491
excavate,685,376
marginalize,683,178
contest,681,229
cure,677,1267
bother,676,2587
transcribe,676,340
defy,675,806
appropriate,675,225
reiterate,675,179
spin,674,2596
rethink,674,578
overthrow,672,380
augment,669,305
encode,669,245
decorate,667,1830
waste,666,1651
conserve,666,567
mind,665,2068
probe,665,672
disperse,664,534
compound,664,471
exhaust,663,1211
allude,663,232
heighten,662,455
narrow,661,772
wrap,660,3651
excite,660,1684
pretend,660,1488
spur,659,1052
click,658,2873
cool,658,2443
total,658,929
beg,655,1315
simulate,653,571
attest,651,494
rush,649,2725
float,644,2332
torture,642,773
pack,641,5318
guard,641,1099
theorize,641,343
drag,640,2217
surpass,640,715
tailor,640,618
spell,639,871
donate,638,1551
convict,636,935
embark,636,782
revolve,635,513
strip,634,1377
aspire,632,469
socialize,630,372
line,628,2419
reaffirm,627,222
bully,626,407
cancel,625,1336
confess,623,1366
swim,622,2488
ship,621,1605
inflict,621,582
contaminate,621,554
further,621,203
inscribe,619,371
synthesize,619,287
ascribe,619,156
heal,618,1412
halt,618,806
endanger,618,585
mail,618,468
safeguard,618,368
light,617,1753
quit,616,2377
exaggerate,616,593
ratify,615,212
bar,614,669
erase,613,768
legitimize,607,114
freeze,606,2150
surrender,604,870
dump,602,1644
pressure,602,546
entertain,601,1060
frustrate,601,687
craft,598,956
underline,598,175
repair,597,1412
convene,597,417
inspect,596,977
hamper,596,409
gauge,595,821
pump,593,1685
fade,593,1641
espouse,593,219
stir,589,11739
emanate,589,336
refrain,589,248
harbor,588,842
distance,587,258
cook,584,6163
stare,584,2900
abound,581,809
rewrite,580,421
credit,578,841
infuse,578,448
abuse,576,687
precipitate,576,258
resonate,575,475
breed,573,1122
stage,573,761
plot,573,672
restrain,572,396
seat,571,1029
drum,571,693
dry,570,3529
jeopardize,570,350
amplify,569,374
withstand,567,843
promulgate,567,114
advertise,565,1015
surface,565,568
affiliate,564,289
lean,563,2393
revisit,563,374
suffice,561,361
institutionalize,561,114
converge,560,439
resign,559,1077
tempt,557,965
degrade,557,396
bias,557,185
wander,556,1686
enroll,556,312
march,552,1642
destine,552,662
dismantle,552,534
vanish,549,1246
fold,548,1825
stack,548,1722
experiment,548,882
nominate,548,658
inquire,547,452
incline,547,444
capitalize,546,495
obey,546,468
moderate,546,153
swallow,545,1347
dare,544,1184
arm,544,1170
escalate,543,480
outweigh,543,418
lobby,542,806
furnish,542,551
navigate,540,1108
widen,539,581
wake,535,3392
laugh,534,3547
expel,533,443
distract,530,971
offend,530,619
mimic,529,1051
elevate,529,671
implant,529,570
permeate,529,327
loom,528,985
conquer,528,852
relocate,528,551
prosecute,528,463
unify,528,265
erupt,527,956
deposit,526,626
curtail,525,349
smile,523,3187
reassure,523,851
seal,522,1394
mature,522,860
gear,522,755
kick,521,3915
peak,521,729
pave,521,629
reconsider,521,304
concur,520,297
notify,519,473
presuppose,519,63
subscribe,517,543
relegate,517,323
disregard,517,229
speed,516,1660
lament,514,500
withhold,513,790
defer,513,347
propel,512,765
worsen,512,510
deteriorate,511,554
conflict,510,182
boast,507,2233
channel,506,470
trap,505,1033
smoke,502,1368
visualize,502,486
liberate,502,478
pause,501,1673
thwart,500,492
restructure,500,243
spawn,499,957
distrust,499,302
reclaim,498,563
rescue,497,1021
plead,497,969
alert,497,826
divorce,496,1119
upset,496,957
scale,494,632
verb,494,87
grab,493,3937
spring,491,1176
upgrade,491,1105
filter,491,470
hesitate,489,826
emulate,489,412
improvise,489,233
subvert,489,186
shout,487,2022
shine,485,2057
disguise,485,614
ruin,484,1402
tout,483,869
spot,482,2966
breathe,482,2097
overturn,482,446
intertwine,479,232
reason,477,425
propagate,477,257
anchor,476,765
accrue,476,185
knock,475,2990
wage,475,505
impart,475,431
stipulate,475,197
elucidate,475,74
wipe,472,2172
postpone,472,539
foresee,469,515
preoccupy,469,352
shorten,468,765
eradicate,468,360
confound,468,192
immerse,467,569
explode,465,1775
wield,465,541
curb,465,525
bend,462,1719
coexist,462,237
discredit,461,275
repress,461,176
steer,460,1627
swell,460,990
remedy,458,266
subsidize,457,503
commemorate,456,459
misunderstand,456,331
spare,455,875
bypass,455,555
reshape,454,406
ensue,454,389
don,453,642
drift,452,1541
predicate,452,118
codify,449,104
smell,447,1997
refute,446,202
grind,445,927
garner,445,534
retreat,444,821
succumb,444,599
chair,444,376
commence,444,259
picture,442,1315
dispatch,442,725
round,440,1204
reap,440,702
dispute,440,363
ally,440,214
level,438,517
lag,438,462
scrutinize,438,456
fare,436,626
haunt,435,847
murder,435,783
pledge,435,638
delete,434,462
pervade,434,208
corroborate,434,134
mask,433,255
negate,433,177
wind,432,1966
text,432,223
expend,431,289
narrate,430,148
heat,429,1633
accustom,428,518
counsel,428,370
substantiate,428,104
rent,426,1733
sanction,426,164
preside,425,559
colonize,425,228
subsume,425,74
skip,424,2077
champion,424,419
log,423,1308
crush,422,1219
doom,422,571
bestow,422,347
imprison,419,363
bite,417,2141
discontinue,417,239
pronounce,415,501
chase,414,1858
fascinate,414,854
pine,412,1925
bless,412,1307
crowd,412,1170
border,412,595
dispense,412,458
accentuate,411,296
grapple,410,412
detach,410,340
prioritize,408,157
cling,407,971
squeeze,406,2401
acquaint,406,306
devastate,405,1001
subordinate,405,65
melt,404,2565
magnify,404,370
duplicate,403,460
profit,403,438
cluster,403,324
awaken,402,678
cleanse,402,457
normalize,402,114
trouble,401,486
haul,399,1361
enclose,399,537
dub,398,1115
consent,397,117
number,396,360
relinquish,396,305
avert,395,409
recreate,395,271
condition,395,231
predominate,395,144
deviate,394,124
operationalize,393,0
trail,393,3268
download,393,1295
dilute,393,451
undercut,393,280
cheat,391,985
stall,391,794
program,391,609
excel,391,591
age,391,445
mislead,391,403
sever,391,317
fabricate,391,285
recite,390,516
reference,390,92
discount,389,316
flaw,389,284
hint,388,560
populate,388,468
enlarge,388,380
rehearse,388,275
sail,387,1171
abide,387,231
crack,386,1826
resent,386,527
ponder,385,813
sway,385,604
predispose,385,225
unleash,384,713
chart,384,427
ring,383,1499
intimidate,383,822
depress,383,667
renounce,383,174
fashion,382,530
deplete,382,509
subtract,382,393
slide,380,2361
counteract,379,301
publicize,378,296
forgive,377,1160
summon,377,681
broadcast,377,646
sketch,377,477
wound,376,1247
modernize,375,223
supplant,375,221
fluctuate,373,255
juxtapose,372,153
license,371,515
compost,371,84
temper,370,330
single,368,316
redirect,367,308
diverge,367,162
shock,366,1254
profess,366,299
disappoint,364,894
rob,363,667
venture,361,772
override,360,243
gender,360,39
color,358,690
coerce,357,156
dislike,355,451
revert,355,294
circumvent,355,210
ameliorate,355,67
pinpoint,354,730
compress,354,582
segregate,352,195
underpin,352,80
conjure,351,493
glean,351,312
solidify,351,214
tighten,350,1273
lodge,350,1035
spill,350,861
indulge,349,845
cater,347,586
coin,347,358
linger,346,947
hail,346,734
dwell,346,332
intercept,345,408
diversify,345,406
overshadow,345,276
tease,344,780
enlighten,344,258
reorganize,344,237
rename,342,372
recur,342,223
diffuse,342,152
chronicle,341,441
liken,340,392
overestimate,340,201
toss,339,4429
shield,339,588
rally,338,668
neutralize,338,369
materialize,338,356
rationalize,338,175
swing,336,2228
memorize,336,344
impair,336,277
dissipate,335,346
usher,334,488
dramatize,334,164
shatter,333,804
sentence,333,555
scare,332,1955
stain,332,705
traverse,332,500
harass,332,415
wrestle,331,669
wane,330,380
emigrate,329,199
soften,328,2011
downplay,328,292
obligate,328,171
reestablish,328,153
purport,328,147
prosper,327,463
eschew,327,285
overstate,326,276
sharpen,325,607
afflict,324,511
prolong,324,386
analyse,323,0
orchestrate,323,377
aggravate,323,309
proliferate,322,311
intersect,322,209
recapture,321,288
invalidate,321,88
heed,319,435
fetch,318,566
detain,317,246
envisage,317,67
bore,316,925
adorn,316,636
farm,316,340
applaud,315,627
insulate,315,581
excuse,315,475
inflate,314,560
regret,313,871
strain,313,686
hasten,313,348
supersede,313,138
boil,312,1562
swear,312,1225
purge,312,255
pair,311,822
empty,311,580
tag,311,517
inaugurate,311,250
author,311,164
revitalize,310,289
imbue,310,208
warm,309,1757
recede,309,413
evade,309,277
station,308,467
typify,308,165
lure,307,1109
fish,307,644
staff,307,248
entrust,307,242
drill,306,957
reopen,306,442
herald,306,382
outnumber,305,444
devalue,305,137
deceive,304,326
repeal,304,267
extrapolate,304,130
reexamine,304,113
approximate,304,92
disconnect,303,417
stifle,303,324
power,302,1026
flood,302,683
privatize,302,213
grade,302,138
enumerate,302,57
hinge,301,347
connote,301,56
hover,300,928
recognise,300,32
ascend,299,429
redesign,299,384
delegate,299,155
entice,298,491
pool,298,266
epitomize,297,238
deduce,297,193
encapsulate,297,113
dispel,295,230
plunge,294,1064
allot,293,164
e,293,37
drown,292,766
cede,292,214
obstruct,292,200
coach,291,906
undo,291,518
redeem,291,366
top,290,2466
wave,290,1306
victimize,290,212
forecast,289,381
deflect,289,334
stumble,288,1182
configure,288,299
oppress,288,143
politicize,287,132
pit,286,523
bleed,285,702
yell,283,1935
apologize,283,965
expire,283,539
ridicule,283,240
petition,282,190
pitch,281,1435
obsess,281,1001
spray,281,628
calibrate,281,190
repudiate,280,140
pile,279,1289
tour,279,1064
tax,278,547
predate,278,179
formalize,278,69
poise,277,747
appraise,277,146
harmonize,277,115
suck,276,1652
smooth,276,1070
crash,275,1453
reinvent,275,593
rear,275,324
preempt,275,79
soar,274,1427
gloss,274,474
combate,274,149
radiate,273,591
engineer,273,572
pioneer,273,445
perpetrate,273,143
twist,272,1207
apprehend,272,136
contextualize,272,21
fuse,271,329
mistake,270,392
elude,270,339
paraphrase,270,178
exit,269,400
lurk,268,707
mourn,268,393
tune,265,1010
vow,265,983
rediscover,265,370
instill,265,248
leap,264,1222
outlaw,264,324
decry,264,232
exempt,263,187
explicate,263,23
rub,262,2282
endow,262,200
incite,262,188
vent,261,709
swamp,261,660
eclipse,261,352
police,261,203
amaze,260,974
exclaim,260,588
dye,260,526
unravel,260,378
procure,259,154
hunt,258,1304
utter,258,334
masquerade,257,166
repay,256,397
decode,256,245
obliterate,256,239
evaporate,255,768
rape,255,576
puzzle,255,454
reign,255,391
invert,255,183
critique,255,80
tire,253,1211
starve,253,662
cherish,253,512
shun,253,464
rectify,253,90
pop,252,2622
snap,252,2472
perish,252,304
circumscribe,252,60
air,250,803
alternate,250,341
despise,250,270
destabilize,250,95
liberalize,250,70
plow,249,628
modulate,249,137
endeavor,249,63
triple,248,499
discipline,248,248
attenuate,248,43
brave,247,777
square,247,418
indict,247,385
phase,247,331
book,246,938
intrigue,246,638
reassert,246,129
bounce,245,1593
unveil,245,729
bow,245,644
collide,245,542
caricature,245,222
subdivide,245,99
dwarf,244,576
seduce,244,439
censor,244,150
reappear,243,323
embarrass,242,524
energize,242,523
reuse,242,247
burden,241,210
coalesce,241,179
enshrine,241,145
nourish,240,433
decipher,240,313
automate,240,262
conflate,239,0
pin,239,888
tape,239,642
time,239,518
revolutionize,239,435
mock,238,293
bound,238,277
med,238,128
near,237,578
clothe,237,461
disapprove,237,184
superimpose,237,132
rage,236,555
stigmatize,236,74
delight,235,620
surmise,235,167
regress,235,84
crawl,234,1210
mentore,233,82
punctuate,231,451
reinstate,231,187
familiarize,231,95
mine,230,350
decease,230,115
loosen,229,1147
service,229,292
waive,229,159
legalize,228,213
buttress,228,124
scratch,227,888
mate,227,381
interest,227,295
abate,227,130
orbit,226,739
email,226,216
blind,226,212
interrogate,225,180
tip,224,902
incarcerate,224,139
misrepresent,224,105
scream,223,1849
bet,223,1566
stamp,223,417
resurrect,223,296
denigrate,223,98
stratify,222,0
plug,222,1314
outperform,222,364
infiltrate,222,221
immigrate,222,138
detract,222,129
y,222,23
penalize,221,208
deconstruct,221,83
saturate,220,957
creep,220,895
leak,220,579
rid,220,355
surge,219,559
banish,219,424
scorn,219,246
disintegrate,219,239
crystallize,219,151
instigate,219,96
flank,218,539
digest,218,510
lease,218,481
dissect,218,203
intrude,218,196
retard,218,181
polarize,218,150
entrench,218,144
trim,217,1960
circle,217,656
persecute,217,141
team,216,573
popularize,216,253
recast,216,128
slash,215,866
co_opt,215,125
film,214,817
rework,214,211
impel,214,91
unearth,213,371
quarrel,213,167
roam,212,807
court,212,336
ignite,211,685
clash,211,269
silence,211,157
abstain,211,121
perfect,210,445
pollute,210,312
demolish,210,296
redistribute,210,115
inculcate,210,54
scramble,209,1080
marvel,209,622
hone,209,576
sight,209,194
deplore,209,148
foreshadow,209,114
acquiesce,209,92
centralize,209,90
accredit,209,80
tabulate,209,72
taste,208,2435
trump,208,270
commend,208,234
weight,208,129
transpire,208,120
infringe,208,84
redress,208,63
vis_a_vi,208,24
overtake,207,334
veto,207,296
labor,207,287
conspire,207,280
subdue,206,307
reread,206,134
evince,206,56
smash,205,818
finalize,205,161
overrule,205,133
flip,204,1694
underwrite,204,209
extol,204,172
appease,204,169
soak,203,1945
sport,203,791
topple,203,400
transplant,203,372
belie,203,272
breach,203,198
merit,202,140
forestall,202,132
reinterpret,202,108
hammer,201,667
thrust,201,475
amass,201,454
reckon,201,341
hospitalize,201,331
assassinate,201,274
levy,201,152
query,201,96
battle,200,956
spearhead,200,250
cement,200,249
animate,200,132
impinge,200,62
paste,199,1148
flash,199,1045
prop,199,855
latch,199,407
repel,199,377
personify,199,174
admonish,199,162
customize,198,560
oust,198,241
purify,198,182
partake,198,117
dissatisfy,198,115
remake,197,329
baptize,197,278
side,197,188
corrupt,197,167
nod,196,1238
devour,196,476
reevaluate,196,121
randomize,196,19
engulf,195,288
standardize,195,60
spoil,194,690
worship,194,282
vest,194,74
paralyze,193,399
subside,193,297
rehabilitate,193,168
incubate,193,99
flatten,192,718
frighten,192,513
hatch,192,462
crop,192,373
dampen,192,353
revere,192,284
chant,192,274
pend,192,224
reconstitute,192,109
videotape,192,102
legislate,192,86
actualize,192,15
cheer,191,999
mold,191,233
delve,191,211
skew,191,125
usurp,191,114
pierce,190,634
plummet,190,624
evacuate,190,330
vie,190,324
disarm,190,228
extinguish,190,177
err,190,172
premise,190,42
que,189,0
sow,189,553
rock,188,1010
e_mail,188,697
deform,188,130
surmount,188,107
monopolize,188,87
crumble,187,848
harness,187,230
legitimate,186,0
assault,186,296
vindicate,186,195
buffer,186,92
adjudicate,186,27
aggregate,185,0
partner,185,242
streamline,185,224
sympathize,185,154
accede,185,65
und,185,27
dip,184,1175
thrill,184,1080
dot,184,678
submerge,183,342
type,183,185
dwindle,182,397
converse,182,152
rip,181,1521
kiss,181,1090
rival,181,455
rearrange,181,320
beset,181,171
condone,181,156
democratize,181,59
calm,180,777
harden,180,398
desert,180,293
intersperse,180,181
decompose,180,166
foreclose,180,54
graze,179,428
salvage,179,395
deport,179,159
retaliate,179,145
decentralize,179,92
confide,178,540
peg,178,469
fend,178,461
unlock,178,425
route,178,353
re,178,324
agitate,178,242
interrelate,178,44
transpose,177,0
package,177,816
maneuver,177,459
alarm,177,304
reimburse,177,233
obviate,177,56
enjoin,176,0
disable,176,307
enslave,176,130
dissuade,176,123
counterbalance,176,40
chat,175,907
fool,175,836
reunite,175,351
relay,175,285
forfeit,175,175
stroll,174,1146
price,174,906
c.,174,882
mingle,174,453
amuse,174,411
race,173,1350
addict,173,408
wreak,173,395
re_create,173,351
fortify,173,297
excise,173,79
interconnect,173,68
terrify,172,604
engrave,172,285
transgress,171,0
poke,171,948
ordain,171,335
torment,171,259
reintroduce,171,249
confiscate,171,223
dan,170,0
tuck,170,1777
hop,170,1244
perch,170,633
cripple,170,301
disengage,170,108
expound,170,108
couch,170,65
foreground,169,0
chew,169,849
exhort,169,170
elapse,169,116
reciprocate,169,105
ingest,168,369
etch,168,335
humiliate,168,228
misinterpret,168,111
exalt,168,93
index,167,0
ward,167,423
sprout,166,710
skirt,166,687
embellish,166,282
forage,166,256
rebel,165,205
anger,165,204
patronize,165,177
occasion,165,71
restate,165,57
demarcate,165,27
spy,164,494
rejoice,164,290
inundate,164,201
degenerate,164,128
enunciate,164,40
tick,163,658
laud,163,194
instil,163,159
cap,162,382
uproot,162,160
digitize,162,113
gon,161,1638
whisper,161,983
bill,161,408
straddle,161,341
persevere,161,147
spurn,161,137
individualize,161,35
dash,160,504
pen,160,269
personalize,160,216
stymie,160,212
major,160,181
high_frequency,160,56
joke,159,1005
browse,159,616
stalk,159,613
funnel,159,504
water,159,500
weather,159,431
transition,159,87
grace,158,453
derail,158,275
prey,158,245
inoculate,158,92
envelop,157,261
brand,157,244
synchronize,157,183
refocus,157,178
taint,157,172
pilot,157,150
externalize,156,0
shrug,156,1077
pattern,156,165
retell,156,99
hike,155,2937
scrape,155,1393
stuff,155,1373
blast,155,792
inhale,155,578
muster,155,384
comfort,155,383
trumpet,155,286
defuse,155,185
opine,155,96
relish,154,506
lengthen,154,324
disqualify,154,175
decree,154,175
school,154,165
renegotiate,154,78
delimit,153,0
burst,153,857
tilt,153,613
trickle,153,461
shoulder,153,380
space,153,348
stray,153,344
kidnap,153,257
glorify,153,123
forward,153,115
veil,153,86
choke,152,991
sew,152,553
clap,152,278
gravitate,152,271
regenerate,152,194
evict,152,149
exile,152,113
re_examine,152,70
problematize,151,0
wed,151,463
steep,151,224
commercialize,151,149
expedite,151,83
sensitize,151,69
fertilize,150,365
congregate,150,238
domesticate,150,89
reformulate,150,57
kneel,149,426
encircle,149,336
earmark,149,240
revoke,149,149
equalize,149,84
pound,148,918
stab,148,339
brace,147,624
stake,147,412
bid,147,385
nationalize,147,96
countenance,147,91
objectify,146,0
oscillate,146,0
star,146,1762
campaign,146,285
encroach,146,88
board,145,447
peel,144,2032
shop,144,1288
wire,144,813
tumble,144,769
affix,144,287
long,144,262
litigate,144,58
rattle,143,863
hurry,143,640
bomb,143,359
condense,143,164
exact,143,141
befall,143,123
debrief,143,28
reify,142,0
polish,142,604
tread,142,435
disavow,142,65
reorient,142,44
punch,141,1048
buoy,141,373
man,141,370
tame,141,272
retrain,141,145
allay,141,100
flush,140,625
shy,140,343
acquit,140,207
mesh,140,187
retrofit,140,141
abet,140,119
chastise,140,118
dine,139,719
pare,139,308
understate,139,248
mire,139,221
quell,139,212
cloud,139,177
bequeath,139,137
vacate,139,106
annex,139,95
word,139,51
edge,138,749
slate,138,441
forgo,138,396
secrete,138,253
disparage,138,102
realise,137,0
park,137,907
stock,137,844
smack,137,573
hurl,137,442
behold,137,195
imperil,137,119
partition,137,44
disentangle,137,39
disorder,137,37
repatriate,136,0
yearn,136,295
reset,136,295
slaughter,136,293
poll,136,243
hedge,136,221
resurface,136,167
verbalize,136,54
emphasise,135,0
slice,135,2518
weep,135,374
languish,135,288
toil,135,230
beget,135,134
decay,135,114
devolve,135,95
falsify,135,68
slam,134,836
drape,134,590
fine,134,234
misplace,134,157
reinvigorate,134,112
proffer,134,99
overemphasize,134,62
reframe,134,59
enmesh,134,59
overrepresent,133,0
shave,133,1093
nail,133,1086
scour,133,537
vibrate,133,299
wither,133,211
galvanize,133,154
annihilate,133,153
reconfigure,133,87
falter,132,273
mar,132,177
consign,132,145
size,131,494
replenish,131,365
gamble,131,349
dawn,131,302
grieve,131,238
frequent,131,156
verse,131,105
annoy,130,359
abrogate,130,25
dissociate,129,0
thicken,129,851
whistle,129,515
veer,129,415
foment,129,73
catalyze,129,63
interweave,128,0
downsize,128,372
sequester,128,124
unmask,128,59
disaggregate,127,0
predetermine,127,0
straighten,127,791
clamp,127,543
bombard,127,338
congratulate,127,337
scrap,127,253
flounder,127,220
resettle,127,65
prod,126,313
piece,126,282
embolden,126,165
triumph,126,142
bode,126,140
wrest,126,128
phrase,126,50
sneak,125,1013
sniff,125,650
coat,125,627
dive,125,551
flex,125,521
string,125,439
rejoin,125,223
dislodge,125,207
mute,125,147
vaccinate,125,142
disprove,125,138
innovate,125,117
depose,125,112
brainstorm,125,75
overhear,124,254
restart,124,219
deride,124,210
jail,124,199
forego,124,71
proscribe,123,0
bump,123,839
captivate,123,280
daunt,123,250
reverberate,123,171
jettison,123,155
nullify,123,79
crave,122,769
balk,122,362
meditate,122,279
sterilize,122,161
network,122,151
catalog,122,118
curate,122,110
undergird,122,52
screw,121,1151
whip,121,1089
grip,121,419
escort,121,329
console,121,298
squander,121,241
sidestep,121,212
assuage,121,106
append,121,48
chop,120,2478
pluck,120,556
tremble,120,301
profile,120,275
patent,120,272
ravage,120,266
enliven,120,213
forsake,120,151
blunt,120,147
tally,120,147
marshal,120,118
portend,120,98
divine,120,83
oversimplify,120,48
remediate,119,0
recode,119,0
sift,119,566
eject,119,283
branch,119,265
shore,119,212
disband,119,141
empathize,119,106
characterise,118,0
intimate,118,0
sprinkle,118,2367
rave,118,499
dock,118,425
sculpt,118,408
sap,118,341
stave,118,313
implore,118,130
photocopy,118,80
reconceptualize,117,0
loot,117,0
glance,117,655
fume,117,402
dredge,117,317
meld,117,215
smuggle,117,203
leach,117,202
image,117,169
sanctify,117,74
table,116,411
rein,116,225
placate,116,92
sequence,116,68
authenticate,116,39
abstract,115,0
bowl,115,1329
dangle,115,591
showcase,115,421
deduct,115,346
reconnect,115,320
horrify,115,277
breastfeed,115,258
decimate,115,223
d.,115,171
widow,115,104
culture,115,61
glide,114,738
shove,114,659
adore,114,554
refresh,114,421
shroud,114,166
re_establish,114,94
subjugate,114,48
beckon,113,362
prime,113,314
pale,113,228
audit,113,127
embroil,113,121
rescind,113,87
trivialize,113,87
localize,113,21
churn,112,595
rain,112,575
darken,112,430
headquarter,112,198
rupture,112,172
broach,112,132
impoverish,112,82
incarnate,111,0
curl,111,1108
fuck,111,605
field,111,298
astonish,111,279
fracture,111,152
gratify,111,149
subsist,111,114
sanitize,111,77
cram,110,644
startle,110,472
remarry,110,289
cull,110,246
bond,110,244
weed,110,200
insinuate,110,86
reintegrate,109,0
ream,109,0
lighten,109,648
drip,109,543
net,109,470
thin,109,387
nurse,109,332
backfire,109,281
poison,109,219
constrict,109,203
outstrip,109,162
misread,109,105
tutor,109,79
divest,109,72
catalogue,108,76
de_emphasize,108,37
spruce,107,502
coax,107,486
wean,107,230
bog,107,204
reenact,107,67
castigate,107,52
terrorize,106,188
demonize,106,129
undervalue,106,122
antagonize,106,76
pacify,106,65
deliberate,106,62
dissent,106,38
boom,105,375
unload,105,364
flock,105,298
vomit,105,278
distil,105,174
mistreat,105,112
debunk,105,106
humanize,105,78
criminalize,105,47
officiate,105,44
radicalize,105,39
clog,104,446
groom,104,419
will,104,335
raid,104,250
trample,104,211
reposition,104,164
abhor,104,101
capitulate,104,77
prefigure,104,37
brag,103,433
revamp,103,294
quadruple,103,199
divulge,103,185
vanquish,103,131
memorialize,103,125
excrete,103,121
lapse,103,107
belittle,103,86
efface,102,0
adduce,102,0
revel,102,315
taper,102,303
deflate,102,191
journey,102,163
bribe,102,161
bemoan,102,153
retract,102,132
plunder,102,128
stagnate,102,112
exterminate,102,95
militate,102,18
consecrate,101,0
randomise,101,0
glue,101,710
stagger,101,403
cough,101,344
fake,101,239
weld,101,206
fault,101,128
co_author,101,109
romanticize,101,109
extricate,101,86
flirt,100,481
renovate,100,417
infuriate,100,198
rekindle,100,179
pride,100,157
reemerge,99,0
storm,99,406
tinker,99,389
mend,99,288
trick,99,262
relive,99,229
renown,99,195
imprint,99,152
muddle,99,139
leverage,99,109
oxidize,99,88
naturalize,99,25
contravene,98,0
acculturate,98,0
remand,98,0
card,98,0
swap,98,625
blush,98,505
clutch,98,413
skim,98,366
skyrocket,98,344
appal,98,309
overhaul,98,232
venerate,98,72
reprimand,98,69
absolve,98,55
strand,97,286
ply,97,244
protrude,97,237
herd,97,192
waver,97,171
unpack,97,166
estrange,97,111
parse,97,83
demystify,97,67
disallow,97,57
re_evaluate,97,52
underreport,96,0
zoom,96,456
juggle,96,372
baffle,96,251
sabotage,96,216
recoup,96,187
bargain,96,128
misuse,96,99
disassociate,96,25
subscale,95,0
expropriate,95,0
wreck,95,367
outpace,95,233
overrun,95,203
retrace,95,156
immobilize,95,155
pique,95,149
clone,95,139
irrigate,95,120
presage,95,83
secede,95,60
pore,94,503
stun,94,417
litter,94,372
blossom,94,264
crown,94,263
befriend,94,244
array,94,144
intoxicate,94,133
assail,94,109
outdate,94,95
bespeak,94,69
reassess,94,53
seep,93,367
covet,93,233
slay,93,172
recuperate,93,96
avenge,93,94
recapitulate,93,33
stereotype,92,0
groan,92,332
overflow,92,272
flaunt,92,242
snore,92,196
outlive,92,185
instantiate,91,0
elide,91,0
blaze,91,364
woo,91,285
glimpse,91,269
fine_tune,91,260
clamor,91,251
peruse,91,212
reassemble,91,167
shadow,91,137
abdicate,91,71
censure,91,45
favour,90,0
apportion,90,0
buckle,90,365
recharge,90,357
wax,90,344
stoke,90,271
fixate,90,140
foretell,90,82
traffic,90,82
metamorphose,90,67
unionize,90,65
mete,90,57
bristle,89,448
upload,89,264
part,89,256
concoct,89,250
rejuvenate,89,245
rouse,89,219
site,89,100
disobey,89,92
handicap,89,80
indoctrinate,89,45
reel,88,450
sting,88,413
exude,88,318
strew,88,293
envy,88,276
frown,88,242
bathe,88,234
tarnish,88,152
infrare,88,137
factor,88,97
vilify,88,90
practise,88,82
delude,88,80
snatch,87,409
excerpt,87,275
fantasize,87,265
brief,87,181
graft,87,144
insult,87,140
key,87,130
dovetail,87,100
retest,87,50
satirize,87,45
valorize,86,0
refashion,86,0
cruise,86,1196
savor,86,630
beware,86,406
dim,86,378
outsource,86,184
traumatize,86,137
disdain,86,104
blackmail,86,101
idealize,86,40
propound,86,27
nestle,85,495
outfit,85,459
morph,85,319
fan,85,205
scold,85,200
rebuff,85,141
tattoo,85,120
misbehave,85,93
demoralize,85,88
realign,85,77
aver,85,54
inactivate,85,45
emancipate,84,0
inflect,84,0
brighten,84,738
shell,84,532
dodge,84,427
overpower,84,225
commute,84,206
shelve,84,147
transmute,84,57
internationalize,84,14
graph,83,0
wade,83,522
awake,83,306
hack,83,252
remodel,83,236
curse,83,160
broker,83,117
suffuse,83,103
debilitate,83,88
except,83,54
conjoin,83,44
systematize,83,21
encase,82,269
sputter,82,172
entwine,82,103
reissue,82,89
task,82,71
notate,81,0
mainstream,81,0
roar,81,624
outgrow,81,328
cloak,81,161
outrage,81,145
liquidate,81,116
industrialize,81,53
behoove,81,39
imbed,81,36
impute,80,0
halve,80,573
lace,80,436
batter,80,396
abort,80,164
detest,80,108
overlay,80,77
diss,80,73
boycott,80,69
disillusion,80,58
dehumanize,80,33
shred,79,849
stitch,79,504
camp,79,463
comb,79,403
taunt,79,189
hijack,79,188
hoard,79,132
exonerate,79,97
stockpile,79,94
ingrain,79,79
rebuke,79,73
reactivate,79,67
inter,78,0
co_exist,78,0
crank,78,879
scoop,78,879
salute,78,308
bask,78,299
knit,78,281
circa,78,154
tamper,78,153
invigorate,78,91
refract,78,68
ostracize,78,67
demean,78,64
sip,77,852
smear,77,276
compliment,77,151
parody,77,43
decouple,77,24
perturb,76,0
dial,76,595
bail,76,442
bath,76,250
tack,76,244
flatter,76,212
catapult,76,207
besiege,76,178
sack,76,161
coauthor,76,115
homogenize,76,28
abridge,75,0
misconstrue,75,0
hug,75,532
hum,75,341
auction,75,158
quicken,75,150
rebut,75,49
bundle,74,405
scoff,74,308
ready,74,220
burrow,74,213
refurbish,74,162
resell,74,144
reenter,74,135
repute,74,77
unsettle,74,53
policymake,73,0
truncate,73,0
occlude,73,0
slap,73,427
tweak,73,341
nickname,73,333
ripen,73,271
feast,73,260
strangle,73,207
default,73,115
ebb,73,107
reelect,73,86
flout,73,80
meddle,73,62
debase,73,46
cohere,72,0
disenfranchise,72,0
proselytize,72,0
bark,72,429
kindle,72,81
unto,72,67
redouble,72,64
intuit,72,43
reorder,72,36
annul,71,0
strap,71,518
spike,71,308
damp,71,267
rumor,71,233
muse,71,195
outdo,71,193
scar,71,167
raze,71,128
cue,71,56
fragment,71,44
organise,70,0
preface,70,0
sigh,70,572
lick,70,482
rig,70,364
smother,70,263
teem,70,252
elongate,70,204
incapacitate,70,74
intermingle,70,50
pervert,69,0
bake,69,4313
cash,69,455
hoist,69,402
bash,69,281
jot,69,184
telephone,69,145
ensconce,69,116
immunize,69,87
class,69,30
delegitimize,68,0
historicize,68,0
interface,68,0
glow,68,404
brew,68,279
dread,68,186
band,68,174
father,68,125
retake,68,102
deregulate,68,99
vex,68,83
comport,67,0
collude,67,0
pinch,67,602
panic,67,404
dole,67,325
grumble,67,295
cushion,67,230
detonate,67,173
siphon,67,171
christen,67,138
crucify,67,103
uplift,67,102
resuscitate,67,95
hark,67,91
disburse,67,50
reallocate,67,33
lo,66,0
rinse,66,1295
shower,66,377
gesture,66,225
grope,66,194
disgust,66,165
reassign,66,82
renege,66,66
privilege,65,0
deemphasize,65,0
thematize,65,0
contraindicate,65,0
wail,65,267
cave,65,266
chide,65,163
toolong,65,60
bracket,65,46
habituate,65,31
pa,64,0
gasp,64,523
suffocate,64,157
mutate,64,149
regularize,63,0
obfuscate,63,0
peddle,63,301
scribble,63,281
dazzle,63,257
bulge,63,236
rhyme,63,86
dislocate,63,56
recollect,63,51
americanize,62,0
q,62,0
relativize,62,0
entrap,62,0
zone,62,0
intermarry,62,0
reproach,62,0
moan,62,407
shiver,62,339
quip,62,254
reminisce,62,165
overload,62,135
mutilate,62,96
underfund,62,78
impregnate,62,72
shirk,62,52
archive,62,46
flesh,62,45
summarise,61,0
posttest,61,0
scout,61,625
bolt,61,373
spew,61,373
trek,61,315
crisscross,61,269
surf,61,255
loathe,61,172
reinvest,61,172
pollinate,61,152
bedevil,61,106
tinge,61,100
replay,61,95
underachieve,61,23
vitiate,60,0
rake,60,514
layer,60,320
irritate,60,273
molest,60,174
sour,60,125
embroider,60,123
maim,60,88
con,60,76
triangulate,60,35
da,59,0
conjecture,59,0
trawl,59,0
resound,59,0
soothe,59,577
mess,59,369
blink,59,349
thread,59,270
roost,59,258
rot,59,170
puncture,59,156
finger,59,116
cajole,59,108
disinfect,59,101
incinerate,59,68
professionalize,59,27
minimise,58,0
talent,58,0
coopt,58,0
self_identify,58,0
grin,58,620
hobble,58,228
scuttle,58,176
shear,58,128
rail,58,119
hew,58,95
feign,58,93
despair,58,90
founder,58,80
expunge,58,59
slight,58,56
rephrase,58,28
universalize,58,10
<,57,0
depoliticize,57,0
self_report,57,0
remit,57,0
stink,57,312
tug,57,300
saddle,57,211
jostle,57,159
arc,57,150
till,57,125
stunt,57,101
abut,57,91
civilize,57,19
concretize,56,0
assay,56,0
reconceive,56,0
republish,56,0
bang,56,518
trip,56,260
sandwich,56,190
intone,56,164
immortalize,56,147
corrode,56,113
quash,56,88
inflame,56,85
void,56,71
perplex,56,63
compartmentalize,56,51
prophesy,55,0
reinscribe,55,0
augur,55,0
brandish,55,122
eke,55,112
vet,55,73
malign,55,55
overlie,55,20
disclaim,54,0
gleam,54,213
camouflage,54,93
dismay,54,84
retool,54,75
pontificate,54,63
reawaken,54,61
eviscerate,54,47
his/her,53,0
decenter,53,0
hybridize,53,0
dust,53,329
ratchet,53,174
recline,53,121
fancy,53,99
canonize,53,76
defray,53,60
sin,53,46
dismember,53,45
inhere,52,0
audiate,52,0
commodify,52,0
reconfirm,52,0
reauthorize,52,0
sublimate,52,0
ooze,52,259
zero,52,225
metabolize,52,160
refuel,52,152
spotlight,52,130
canvass,52,80
misjudge,52,68
imbibe,52,52
globalize,52,17
c'est,51,0
rumble,51,432
trash,51,254
disassemble,51,156
outlast,51,141
cobble,51,136
berate,51,112
quiz,51,107
subtitle,51,40
impugn,51,38
second,51,23
decolonize,50,0
http,50,0
landfill,50,0
avow,50,0
style,50,430
chuckle,50,406
pace,50,162
chafe,50,152
dam,50,94
fast,50,86
vouch,50,67
exorcise,50,62
reschedule,50,47
seab,50,43
countervail,50,16
reemphasize,49,0
arbitrate,49,0
supercede,49,0
can,49,559
fry,49,547
stud,49,223
lubricate,49,156
ration,49,124
untangle,49,90
reengineer,49,79
re_enter,49,74
pardon,49,71
extort,49,55
reimagine,49,52
people,49,52
desist,49,38
transact,49,25
dispossess,48,0
nitrate,48,0
illumine,48,0
extirpate,48,0
co_occur,48,0
extrude,48,0
sweat,48,490
plaster,48,157
muffle,48,127
furrow,48,98
patrol,48,91
outwit,48,88
whet,48,84
r.,48,60
ensnare,48,58
ornament,48,51
referee,48,23
irradiate,48,20
effectuate,47,0
se,47,0
rebury,47,0
advantage,47,0
pat,47,394
scrub,47,304
ferret,47,156
choreograph,47,103
lavish,47,96
readjust,47,89
impeach,47,72
reanalyze,46,0
steam,46,425
dabble,46,203
teeter,46,149
hawk,46,139
bankrupt,46,125
loose,46,101
decapitate,46,57
neighbor,46,49
circumcise,46,46
apprise,46,39
collate,46,24
reprocess,45,0
metastasize,45,0
exasperate,45,0
braille,45,0
foist,45,0
initialize,45,0
blanket,45,205
prick,45,190
replant,45,152
sidebar,45,150
foul,45,145
enthral,45,135
buffet,45,103
short_circuit,45,95
muddy,45,88
co_sponsor,45,71
lynch,45,44
mollify,45,43
pre_empt,45,36
defame,45,29
qui,44,0
abjure,44,0
recombine,44,0
compact,44,0
secularize,44,0
mow,44,450
duck,44,348
wedge,44,260
emblazon,44,177
sneer,44,147
backtrack,44,104
ventilate,44,92
distill,44,48
fate,44,42
overstep,44,40
defile,44,37
christianize,44,24
interpose,43,0
spout,43,214
murmur,43,201
gut,43,176
snare,43,161
redo,43,155
tower,43,153
overreact,43,141
pander,43,76
redraw,43,68
avail,43,24
fetishize,43,15
peacekeep,42,0
reunify,42,0
field_test,42,0
mime,42,0
stomp,42,326
stow,42,274
overdo,42,260
bruise,42,259
corral,42,214
corner,42,211
mull,42,176
shepherd,42,104
commandeer,42,103
verge,42,81
retort,42,79
shelter,42,67
tail,42,65
disorient,42,63
exhume,42,58
no.,42,54
mismanage,42,48
wrong,42,47
desecrate,42,33
meter,42,16
ve,41,0
sur,41,0
contrive,41,0
economize,41,0
denominate,41,0
eye,41,385
prune,41,372
buck,41,331
refill,41,207
itch,41,162
jolt,41,146
clasp,41,146
enrage,41,107
plumb,41,105
hearten,41,89
bait,41,82
acclimate,41,77
stutter,41,56
pirate,41,51
disincline,41,34
2d,40,0
glut,40,0
enclave,40,0
whack,40,384
grimace,40,146
skin,40,136
quench,40,104
demur,40,98
doubtless,40,54
recalibrate,40,50
bewitch,40,35
cohabit,39,0
adumbrate,39,0
stroke,39,295
brim,39,269
beef,39,232
squirm,39,180
inset,39,171
caress,39,146
climax,39,131
minister,39,106
relearn,39,70
decompress,39,58
transit,39,47
deface,39,33
infest,39,31
desegregate,39,22
plough,38,0
coagulate,38,0
deify,38,0
centre,38,0
kid,38,403
jut,38,266
shudder,38,191
glare,38,185
encrypt,38,105
squelch,38,102
fatigue,38,88
launder,38,83
unseat,38,69
evangelize,38,62
impersonate,38,53
shuck,38,47
regurgitate,38,39
disown,38,36
dishonor,38,24
militarize,38,21
s.,37,0
maximise,37,0
comme,37,0
particularize,37,0
preview,37,0
a.,37,0
underutilize,37,0
plagiarize,37,0
feminize,37,0
jump_start,37,222
toy,37,127
front,37,123
burnish,37,105
deactivate,37,72
w,37,50
ingratiate,37,42
cross_examine,37,24
est,36,0
resubmit,36,0
proofread,36,0
combust,36,0
focalize,36,0
utilise,36,0
wan,36,326
whittle,36,208
clinch,36,157
dull,36,102
might,36,90
wet,36,85
atone,36,55
lampoon,36,53
harken,36,46
better,36,38
shew,35,0
impound,35,0
enthrone,35,0
quarantine,35,0
co_operate,35,0
enquire,35,0
snort,35,242
tickle,35,241
reignite,35,81
budget,35,63
beseech,35,50
repopulate,35,38
inveigh,35,33
provision,35,32
befit,35,29
requite,34,0
he/she,34,0
moralize,34,0
reengage,34,0
glaze,34,806
hunch,34,231
nip,34,191
thrash,34,185
ram,34,164
endear,34,125
course,34,115
blindfold,34,105
idolize,34,105
overvalue,34,76
finesse,34,67
swab,34,62
incriminate,34,36
misdirect,34,23
endeavour,33,0
disconfirm,33,0
serialize,33,0
arrogate,33,0
grave,33,0
mechanize,33,0
sweeten,33,351
where,33,221
cradle,33,212
pounce,33,178
sling,33,174
foot,33,171
rummage,33,148
outrun,33,129
faint,33,126
flunk,33,105
disrespect,33,57
telegraph,33,57
decommission,33,33
parasitize,33,28
chose,32,0
preexist,32,0
nibble,32,291
idle,32,196
clench,32,179
wallow,32,162
electrify,32,127
gnaw,32,122
butcher,32,99
bat,32,97
right,32,90
ferment,32,86
bide,32,78
beautify,32,51
copulate,32,45
parrot,32,45
digress,32,29
belabor,32,18
revalue,31,0
partial,31,0
individuate,31,0
westernize,31,0
howl,31,231
flap,31,193
douse,31,183
transfix,31,132
ing,31,112
curry,31,100
moonlight,31,95
reprise,31,74
troubleshoot,31,53
soil,31,53
debug,31,17
interdict,31,16
pre_format,30,0
el,30,0
depopulate,30,0
slander,30,0
outcompete,30,0
eulogize,30,0
crackle,30,237
drench,30,170
hem,30,101
leaf,30,95
regale,30,88
defraud,30,84
jockey,30,76
rifle,30,72
commune,30,57
aerate,30,49
interlace,30,38
disenchant,30,37
re_enact,30,28
intermix,30,18
diagram,30,18
re_read,29,0
derogate,29,0
vacuum,29,136
shrivel,29,127
bisect,29,119
bankroll,29,116
moor,29,91
spar,29,90
accost,29,76
medicate,29,75
mug,29,73
unlearn,29,36
abduct,29,31
eventuate,28,0
mistrust,28,0
deprecate,28,0
hiss,28,205
festoon,28,132
toughen,28,124
foil,28,68
hamstring,28,63
redevelop,28,26
resultat,27,0
re_open,27,0
mythologize,27,0
antedate,27,0
totalize,27,0
congeal,27,0
annotate,27,0
dignify,27,0
ved,27,0
torpedo,27,194
braid,27,106
seethe,27,96
outstretch,27,77
untie,27,70
feud,27,61
rebalance,27,50
hearken,27,38
attire,27,33
quantum,27,15
elle,26,0
role_play,26,0
sed,26,0
enfranchise,26,0
whence,26,0
aggrandize,26,0
cock,26,224
growl,26,213
throttle,26,170
sear,26,165
ail,26,89
outsmart,26,82
cross_validate,25,0
ambulate,25,0
rend,25,0
reed,25,0
underplay,25,0
postdict,25,0
innervate,25,0
refigure,25,0
glamorize,25,0
maltreat,25,0
ski,25,1737
retail,25,233
even,25,133
best,25,114
irk,25,83
wag,25,82
detoxify,25,80
deathb,25,36
b.,25,19
decontaminate,25,17
pqp,24,0
col.,24,0
entre,24,0
untouch,24,0
kin,24,0
co_ordinate,24,0
fiddle,24,145
unroll,24,96
grease,24,89
liquefy,24,56
outflank,24,48
adjoin,24,46
deaden,24,38
streamb,24,33
disabuse,24,26
pathologize,24,22
necrotize,23,0
s/he,23,0
n.,23,0
whale,23,0
propitiate,23,0
procreate,23,0
cross_reference,23,0
martyr,23,0
tote,23,457
brake,23,225
rough,23,113
tidy,23,98
out,23,89
freight,23,30
reinstitute,23,19
depersonalize,23,16
leur,22,0
summary,22,0
demilitarize,22,0
self_administer,22,0
splice,22,0
reimpose,22,0
audition,22,182
vacation,22,178
flavor,22,142
double_check,22,96
unnerve,22,86
upcome,22,51
maroon,22,49
suckle,22,48
entomb,22,46
rededicate,22,29
d'une,21,0
witch,21,0
subserve,21,0
convoke,21,0
re_present,21,0
parameterize,21,0
would,21,311
consort,21,25
brook,21,24
principle,20,0
ne,20,0
indigenize,20,0
green,20,0
hombre,20,0
prejudge,20,0
para,20,0
complicit,20,0
transfuse,20,0
bed,20,149
silhouette,20,92
prospect,20,60
opinionate,20,56
cuss,20,48
ape,20,42
shrimp,19,0
pue,19,0
conjugate,19,0
harbour,19,0
preservice,19,0
daze,19,84
second_guess,19,80
refund,19,77
decrypt,19,27
al,18,0
tude,18,0
je,18,0
basin,18,0
fossilize,18,0
gore,18,93
segue,18,68
eavesdrop,18,60
wartime,17,0
n.d.,17,0
hospice,17,0
ecosystem,17,0
d'un,17,0
massage,17,176
divvy,17,100
mastermind,17,38
hut,17,33
whereupon,17,18
un,16,0
re_emphasize,16,0
re_engineer,16,0
ni,16,0
re_think,16,0
m,16,0
pest,16,0
optimise,16,0
nab,16,250
pot,16,85
circumnavigate,16,41
glory,16,31
staunch,16,24
alia,16,14
inanimate,16,9
maritime,16,6
islamize,15,0
ou,15,0
au,15,0
ce,15,0
re_write,15,0
immunocompromise,15,0
sobre,15,0
por,15,0
como,15,0
bareback,15,0
oversell,15,0
whiz,15,96
displease,15,24
aus,14,0
inher,14,0
queer,14,0
outdoor,14,0
humankind,14,0
cauterize,14,0
qu'il,14,0
perforate,14,0
refinance,14,176
rev.,13,0
attention,13,0
modem,13,0
anne,13,0
artiste,13,0
figs.,13,0
skype,13,85
rove,13,39
me,12,0
streetwalk,12,0
codle,12,0
immunise,12,0
unblock,12,0
colour,12,0
she,12,20
countermand,12,17
o,12,13
hen,11,0
parece,11,0
reeducate,11,0
il,11,0
j,11,0
duel,11,0
re_organize,11,0
reexperience,11,0
bivariate,11,0
nur,11,0
fleck,11,45
stanch,11,41
jumpstart,11,37
rue,11,34
garb,11,24
accomodate,11,11
constitutionalize,10,0
n,10,0
hard,10,0
eine,10,0
inasmuch,10,0
ha,10,0
hotb,10,49
reseal,10,22
federalize,10,8
refight,9,0
scantle,9,0
uno,9,0
securitize,9,0
troglodyte,9,0
sui,9,0
re_assert,9,0
inshore,8,0
e.,8,0
re_register,8,0
de_legitimize,8,0
apre,8,0
lennerl,8,0
revegetate,8,0
keese,8,0
defund,8,21
self_complete,7,0
poenitentiali,7,0
whomever,7,24
moisture,7,14
enabling/informing,6,0
rehear,6,0
inservice,6,0
d'etude,6,0
una,6,0
dition,5,0
westle,5,0
mense,5,0
42d,5,0
whisk,0,2357
refrigerate,0,1360
hook,0,1261
brush,0,902
simmer,0,864
toast,0,736
bloom,0,722
chill,0,678
fasten,0,677
brown,0,652
debut,0,647
pedal,0,626
spit,0,589
paddle,0,567
mince,0,526
phone,0,514
beam,0,495
jam,0,487
fret,0,485
yank,0,481
lash,0,478
exhale,0,471
seed,0,460
dice,0,459
gobble,0,458
stash,0,458
splash,0,452
zip,0,446
buzz,0,440
huddle,0,432
rack,0,428
bust,0,416
grate,0,406
piss,0,405
swirl,0,404
fling,0,397
clip,0,395
flare,0,385
skate,0,372
thaw,0,362
gush,0,357
freak,0,357
crunch,0,356
berth,0,355
cinch,0,349
mutter,0,344
swarm,0,337
lunge,0,332
rev,0,331
inch,0,326
trot,0,320
sprint,0,319
spook,0,318
snip,0,314
slump,0,314
tone,0,308
strut,0,298
ache,0,294
marinate,0,291
whine,0,291
moisten,0,288
hustle,0,288
munch,0,284
meander,0,284
wilt,0,283
gross,0,281
chip,0,278
squint,0,278
pan,0,277
lug,0,276
bubble,0,276
lurch,0,271
pry,0,268
nudge,0,268
peek,0,268
prize,0,267
bob,0,266
wring,0,264
puff,0,262
poach,0,260
hole,0,260
jog,0,260
scurry,0,259
heave,0,258
holler,0,257
spoon,0,257
hunker,0,257
carbohydrate,0,252
up,0,252
fumble,0,248
wow,0,247
prep,0,246
tangle,0,246
flutter,0,246
splurge,0,244
jerk,0,244
ferry,0,243
crouch,0,243
wheel,0,242
flop,0,241
trudge,0,241
reheat,0,240
deck,0,239
snag,0,238
chisel,0,237
dog,0,237
sprawl,0,237
hurtle,0,236
ladle,0,234
arch,0,233
sob,0,233
skid,0,233
mumble,0,232
bank,0,232
zap,0,231
slather,0,230
amble,0,230
grill,0,228
cuddle,0,227
premiere,0,227
moisturize,0,225
twitch,0,224
blurt,0,224
dish,0,223
squat,0,223
spiral,0,223
stride,0,223
ditch,0,222
autograph,0,222
snake,0,222
snuggle,0,222
hydrate,0,220
troll,0,220
plop,0,219
chime,0,218
mop,0,218
angle,0,218
giggle,0,217
down,0,217
drizzle,0,216
wiggle,0,216
tow,0,213
swoop,0,210
stiffen,0,209
unwind,0,209
garnish,0,207
dart,0,205
sizzle,0,204
rebind,0,204
garden,0,202
budge,0,201
wobble,0,200
fuss,0,199
clamber,0,199
cofound,0,198
rebound,0,198
balloon,0,198
tee,0,198
mesmerize,0,197
flick,0,197
bag,0,196
germinate,0,195
hitch,0,194
party,0,193
waft,0,192
claw,0,192
snow,0,189
lounge,0,188
sag,0,188
cringe,0,187
roast,0,186
loan,0,186
heap,0,185
charm,0,184
dab,0,184
pee,0,184
gallop,0,184
dehydrate,0,182
plunk,0,179
doze,0,179
shuffle,0,179
gun,0,178
wink,0,176
blare,0,176
scoot,0,176
jack,0,174
romp,0,174
sneeze,0,173
flinch,0,173
urinate,0,173
sand,0,172
flicker,0,172
squash,0,171
slog,0,171
streak,0,171
careen,0,171
pepper,0,170
lap,0,170
anoint,0,169
tiptoe,0,169
shriek,0,168
we,0,167
pummel,0,167
glisten,0,167
char,0,167
shuttle,0,166
shade,0,165
chug,0,165
mill,0,165
milk,0,164
relent,0,163
ambush,0,162
mash,0,162
stream,0,159
pivot,0,159
thunder,0,159
thump,0,159
dunk,0,158
flake,0,158
ruffle,0,157
squirt,0,157
boot,0,156
parade,0,156
stump,0,155
boat,0,154
swivel,0,154
knead,0,153
scorch,0,153
pad,0,153
accent,0,152
gulp,0,152
unfurl,0,152
exfoliate,0,151
grunt,0,151
wince,0,150
quarter,0,149
reinstall,0,149
plate,0,149
chalk,0,149
em,0,148
masturbate,0,148
squeak,0,148
cart,0,148
screech,0,146
baste,0,145
nix,0,145
reapply,0,145
belt,0,145
vaporize,0,145
curve,0,145
outshine,0,144
frolic,0,144
loop,0,144
regroup,0,144
max,0,143
scroll,0,143
recoil,0,143
unplug,0,142
rap,0,142
lumber,0,142
crimp,0,141
patch,0,141
pipe,0,141
ripple,0,141
repaint,0,140
fell,0,140
stoop,0,140
nap,0,140
haggle,0,139
backpack,0,139
plump,0,138
sparkle,0,138
ramble,0,138
cube,0,137
humble,0,137
mass,0,137
iron,0,136
motion,0,136
gouge,0,136
notch,0,136
ping,0,134
drool,0,134
droop,0,134
mulch,0,134
peck,0,134
scamper,0,134
tint,0,133
freshen,0,133
enchant,0,133
dribble,0,133
pocket,0,132
swerve,0,132
wriggle,0,132
preheat,0,131
bellow,0,131
fudge,0,131
overheate,0,131
sock,0,131
prowl,0,130
co_found,0,130
clock,0,130
row,0,130
blacken,0,129
clutter,0,129
tan,0,128
snuff,0,128
induct,0,128
fork,0,128
parlay,0,127
bum,0,127
hound,0,127
core,0,126
shovel,0,126
slither,0,126
blanch,0,125
gripe,0,125
crow,0,124
bug,0,124
fatten,0,124
quiet,0,123
chuck,0,123
overeat,0,123
flail,0,123
bulldoze,0,123
skimp,0,122
pamper,0,122
fizzle,0,122
roil,0,122
swat,0,121
rim,0,121
saute,0,120
saw,0,120
slope,0,120
cramp,0,119
bicker,0,119
pant,0,119
spritz,0,119
rocket,0,119
slosh,0,119
bottle,0,119
yawn,0,118
unscrew,0,117
headline,0,117
pony,0,117
stone,0,117
scrawl,0,117
huff,0,117
dilate,0,117
lunch,0,117
sideline,0,117
flour,0,116
pickle,0,116
slough,0,116
ace,0,116
rivet,0,116
goof,0,116
jiggle,0,115
repulse,0,114
box,0,114
pulse,0,114
grouse,0,114
daydream,0,114
agonize,0,114
putt,0,114
wheeze,0,113
lob,0,113
glitter,0,112
spank,0,112
scowl,0,112
barrel,0,112
purr,0,111
broil,0,111
cascade,0,111
creak,0,111
snub,0,110
cup,0,110
snack,0,110
stricken,0,110
rile,0,110
billow,0,110
fi,0,109
lump,0,109
chatter,0,108
boo,0,108
zigzag,0,108
exult,0,107
psych,0,107
shoulder_width,0,106
snarl,0,106
thumb,0,106
reload,0,106
shimmer,0,106
squeal,0,106
dupe,0,106
defect,0,106
whoosh,0,105
serenade,0,105
bare,0,105
hype,0,104
twinkle,0,104
crest,0,104
ramp,0,104
slim,0,104
frost,0,103
amputate,0,103
firm,0,103
slant,0,103
quiver,0,102
pester,0,102
well,0,102
swipe,0,102
hash,0,101
faze,0,101
accessorize,0,101
chirp,0,101
twirl,0,101
spice,0,100
wrangle,0,100
handcuff,0,100
crumple,0,100
percolate,0,100
charter,0,99
handpick,0,99
chow,0,99
sadden,0,99
lust,0,99
radio,0,99
swish,0,99
there,0,98
unwrap,0,98
unzip,0,98
leapfrog,0,98
fester,0,98
chomp,0,98
yelp,0,98
shortchange,0,98
smolder,0,98
pelt,0,98
puree,0,98
staple,0,98
script,0,98
oven,0,97
fray,0,97
snooze,0,97
maul,0,97
plod,0,97
bone,0,96
televise,0,96
hibernate,0,96
saut,0,96
splatter,0,96
saunter,0,96
capsize,0,95
but,0,95
torch,0,95
repent,0,95
lull,0,95
upend,0,94
babysit,0,94
bewilder,0,94
throb,0,94
engross,0,93
gorge,0,93
tantalize,0,93
slurp,0,93
implode,0,93
tingle,0,93
tether,0,93
reek,0,92
croon,0,92
cavort,0,92
blister,0,91
mat,0,91
revile,0,91
could,0,90
co_write,0,90
stammer,0,90
sicken,0,90
wing,0,90
shutter,0,90
writhe,0,90
harry,0,90
scrounge,0,90
intern,0,90
amp,0,89
sidle,0,89
whirl,0,89
whoop,0,89
coil,0,89
blow_dry,0,89
scrunch,0,89
w.,0,88
chamber,0,88
fidget,0,88
buff,0,88
smudge,0,88
cake,0,88
bottom,0,88
mellow,0,88
scavenge,0,88
ricochet,0,88
button,0,88
wend,0,88
goad,0,88
ink,0,88
slug,0,87
outsell,0,87
nag,0,87
encrust,0,86
caramelize,0,86
pulverize,0,86
cower,0,86
entrance,0,86
clobber,0,86
truck,0,86
honk,0,86
hypnotize,0,86
dismount,0,86
tsp,0,85
ogle,0,85
massacre,0,85
overprice,0,84
knot,0,84
slink,0,84
this,0,83
re_elect,0,83
floor,0,83
brood,0,83
brazen,0,83
stew,0,83
interject,0,83
overcook,0,82
sheathe,0,82
slit,0,82
overheat,0,82
gawk,0,81
inlay,0,81
liven,0,81
snicker,0,81
reprogram,0,81
babble,0,81
interbreed,0,81
wrinkle,0,81
source,0,81
canoe,0,81
lop,0,80
short,0,80
peter,0,80
shame,0,80
fence,0,80
wimp,0,79
ot,0,79
tank,0,79
coo,0,79
bushwhack,0,79
cycle,0,79
mushroom,0,79
<br>,0,78
fondle,0,78
jar,0,78
elate,0,78
hardwire,0,78
repurpose,0,78
forewarn,0,78
reroute,0,78
salt,0,78
gloat,0,78
repackage,0,78
contour,0,78
smite,0,78
smirk,0,77
sate,0,77
shoo,0,77
upstage,0,77
lube,0,77
ruminate,0,77
rankle,0,77
paw,0,77
overpay,0,77
flag,0,77
shag,0,76
upholster,0,76
parachute,0,76
overrate,0,75
test_drive,0,75
botch,0,75
tweet,0,75
quibble,0,75
discolor,0,74
ionize,0,74
fess,0,74
trounce,0,74
jibe,0,74
ejaculate,0,74
smart,0,74
kick_start,0,73
sliver,0,73
sop,0,73
overdose,0,73
hip_width,0,73
coddle,0,73
swaddle,0,73
thing,0,73
stomach,0,73
co_host,0,73
demote,0,73
costarr,0,72
upright,0,72
reattach,0,72
croak,0,72
swoon,0,72
glass,0,72
stencil,0,72
savage,0,72
spear,0,71
bead,0,71
winter,0,71
refinish,0,71
underpaint,0,71
mouth,0,71
chance,0,71
gape,0,71
queue,0,71
loll,0,71
lime,0,70
ford,0,70
tamp,0,70
franchise,0,70
captain,0,70
bandage,0,70
floss,0,70
nick,0,70
recheck,0,70
blindside,0,70
crane,0,70
sully,0,70
skewer,0,70
laminate,0,70
page,0,69
breast_feed,0,69
overwork,0,69
fog,0,69
shit,0,69
cant,0,69
cleave,0,69
fluff,0,69
rehydrate,0,68
dough,0,68
rust,0,68
'd,0,68
strategize,0,68
orphan,0,68
case,0,68
hoot,0,68
enthuse,0,68
spool,0,68
shackle,0,68
snoop,0,68
guzzle,0,67
scarf,0,67
wager,0,67
disfigure,0,67
occult,0,67
flabbergast,0,66
swathe,0,66
cannibalize,0,66
heft,0,66
glint,0,66
grit,0,66
gray,0,66
dither,0,66
hitchhike,0,66
oil,0,65
sulk,0,65
nuzzle,0,65
blot,0,65
slack,0,65
mystify,0,65
numb,0,65
squish,0,65
bloody,0,64
overexpose,0,64
dote,0,64
wolf,0,64
snipe,0,64
recant,0,64
herr,0,64
cackle,0,64
drone,0,64
hollow,0,64
foam,0,63
crease,0,63
bike,0,63
unhook,0,63
procrastinate,0,63
mortgage,0,63
subpoena,0,63
wrack,0,63
uncheck,0,62
salivate,0,62
muzzle,0,62
pressurize,0,62
outmaneuver,0,62
ovulate,0,62
behead,0,62
blunder,0,62
preen,0,62
dawdle,0,62
piggyback,0,61
air_dry,0,61
cred,0,61
carpet,0,61
miff,0,61
underperform,0,61
rewire,0,60
resize,0,60
slacken,0,60
excoriate,0,60
clatter,0,60
handcraft,0,60
strum,0,59
unhinge,0,59
jazz,0,59
multitask,0,59
dent,0,59
syndicate,0,59
sidetrack,0,59
incense,0,59
cremate,0,58
ransack,0,58
relaunch,0,58
itemize,0,58
crater,0,58
co_star,0,58
overwinter,0,58
throng,0,58
squawk,0,58
burp,0,58
tbsp,0,57
unbutton,0,57
redecorate,0,57
alight,0,57
collimate,0,57
cosponsor,0,57
exhilarate,0,57
bawl,0,57
bustle,0,57
trend,0,57
pock,0,56
sponge,0,56
overextend,0,56
juice,0,56
cordon,0,56
aspect,0,56
revolt,0,56
chortle,0,55
perk,0,55
gruel,0,55
lambast,0,55
gurgle,0,55
jade,0,55
doctor,0,55
befuddle,0,55
belch,0,55
puke,0,55
clump,0,55
cowrote,0,55
mishandle,0,55
excommunicate,0,55
schlep,0,55
luxuriate,0,54
right_click,0,54
interlock,0,54
hump,0,54
brutalize,0,54
raft,0,54
disconcert,0,54
vandalize,0,54
accrete,0,54
deluge,0,54
badger,0,54
hobnob,0,53
google,0,53
scuff,0,53
gas,0,53
color_code,0,53
consummate,0,53
self_destruct,0,53
overhang,0,52
infatuate,0,52
excruciate,0,52
egg,0,52
co_own,0,52
snorkele,0,52
dishearten,0,52
pigeonhole,0,52
spatter,0,52
rehash,0,51
romance,0,51
chasten,0,51
cop,0,51
miscarry,0,51
loft,0,51
recess,0,51
pillage,0,51
elope,0,51
manscape,0,50
prepay,0,50
scop,0,50
zing,0,50
blah,0,49
mass_produce,0,49
clove,0,49
desensitize,0,49
bungle,0,49
overjoy,0,49
beguile,0,49
sire,0,49
hull,0,49
rant,0,49
bumble,0,49
perspire,0,49
overcharge,0,49
fringe,0,48
bedeck,0,48
heckle,0,48
grove,0,48
gird,0,48
fawn,0,48
steady,0,48
bandy,0,48
dose,0,48
begrudge,0,48
slur,0,48
scandalize,0,48
beach,0,48
restock,0,47
skillet,0,47
fritter,0,47
bevel,0,47
sleepwalk,0,47
bench,0,47
gossip,0,47
overindulge,0,47
miscalculate,0,47
eyeball,0,46
redden,0,46
retouch,0,46
outgun,0,46
co_produce,0,46
deadpan,0,46
snowboard,0,46
undress,0,46
birch,0,45
dethrone,0,45
hunger,0,45
drawl,0,45
euthanize,0,45
leaven,0,45
outbid,0,45
supersize,0,44
scent,0,44
sandblast,0,44
overreach,0,44
sun,0,44
fete,0,44
reseed,0,44
tromp,0,44
mound,0,44
celery,0,43
hog,0,43
homemade,0,43
emboss,0,43
offload,0,43
bloat,0,43
format,0,43
hanker,0,43
crosscut,0,43
pity,0,43
letter,0,43
abrade,0,43
pet,0,42
uncork,0,42
birthe,0,42
fundraise,0,42
groundbreak,0,42
rehire,0,42
bluff,0,42
gussy,0,42
butt,0,42
luck,0,42
texture,0,42
wreathe,0,41
tenderize,0,41
feather,0,41
tablespoon,0,41
embezzle,0,41
blockade,0,41
overplay,0,41
declassify,0,41
malfunction,0,41
beard,0,41
sunset,0,41
high_five,0,41
disorganize,0,41
overtax,0,41
menstruate,0,41
harp,0,40
repurchase,0,40
re_sign,0,40
dick,0,40
hoe,0,40
portage,0,40
jig,0,40
muck,0,40
devein,0,39
hallucinate,0,39
baby_sit,0,39
titillate,0,39
deign,0,39
art,0,39
steepen,0,39
still,0,39
airtight,0,38
y',0,38
nuke,0,38
clue,0,38
swelter,0,38
turbocharge,0,38
git,0,38
sprain,0,38
disgorge,0,38
steel,0,38
disgrace,0,38
re_form,0,38
supercharge,0,38
varnish,0,38
depreciate,0,38
harangue,0,38
fluster,0,38
reacquaint,0,37
inure,0,37
fart,0,37
strafe,0,37
outrank,0,37
recalculate,0,37
cream,0,37
coproduce,0,37
onboard,0,37
double_click,0,37
dapple,0,37
caddie,0,37
rewind,0,37
boggle,0,36
toe,0,36
shush,0,36
frazzle,0,36
palm,0,36
homeschool,0,36
toot,0,36
reboot,0,36
cozy,0,36
congest,0,36
yeah,0,35
mother,0,35
damn,0,35
ablaze,0,35
cheapen,0,35
neuter,0,35
flubb,0,35
pooh_pooh,0,35
jinx,0,35
roust,0,35
comp,0,35
overshoot,0,35
castrate,0,35
bench_press,0,35
repose,0,35
reincarnate,0,35
crust,0,35
overgrow,0,35
miniaturize,0,35
reabsorb,0,35
many,0,34
astound,0,34
enfold,0,34
dumb,0,34
whitewash,0,34
rehab,0,34
overspend,0,34
bitch,0,34
unfaze,0,34
preload,0,34
crib,0,34
afield,0,34
bad_mouth,0,34
summit,0,34
curdle,0,34
misfire,0,34
cage,0,34
reenergize,0,34
spray_paint,0,34
proportion,0,34
overmix,0,33
doin,0,33
overthink,0,33
morn,0,33
initial,0,33
butter,0,33
rasp,0,33
snowball,0,33
pole,0,33
emulsify,0,32
cocoon,0,32
waggle,0,32
okay,0,32
quake,0,32
gargle,0,32
awe,0,32
knight,0,32
disbelieve,0,32
deglaze,0,31
chain,0,31
reconnoiter,0,31
parent,0,31
sesame,0,31
maple,0,31
extradite,0,31
postmark,0,31
birdy,0,31
browbeat,0,31
emasculate,0,31
understaff,0,31
fleece,0,31
gang,0,31
regrow,0,31
trespass,0,31
scald,0,31
beleaguer,0,31
suss,0,30
freestand,0,30
ofthe,0,30
reformat,0,30
outdistance,0,30
repack,0,30
demo,0,30
bilk,0,30
spicy,0,30
overclock,0,30
pilfer,0,30
shack,0,30
burble,0,30
goose,0,30
despoil,0,29
one_up,0,29
tor,0,29
unclog,0,29
crochet,0,29
cohost,0,29
barbecue,0,29
knife,0,29
fillet,0,29
swindle,0,29
jag,0,29
blade,0,29
halfway,0,28
resole,0,28
handmade,0,28
spoof,0,28
overwrite,0,28
rebrand,0,28
astronomer,0,28
reinsert,0,28
candy,0,28
purvey,0,28
dynamite,0,28
nae,0,28
x_ray,0,28
purse,0,28
stub,0,28
fir,0,27
computerize,0,27
everything,0,27
co_chair,0,27
twiddle,0,27
de_stress,0,27
bingee,0,27
sec,0,27
sniffle,0,27
home,0,27
amortize,0,27
interplant,0,26
lasso,0,26
fact,0,26
moist,0,26
uninstall,0,26
bronze,0,26
rehabb,0,26
constipate,0,26
forswear,0,26
<hln>,0,25
kowtow,0,25
unburden,0,25
maraud,0,25
oxygenate,0,25
dead_end,0,25
besot,0,25
enshroud,0,25
acidify,0,25
force_feed,0,25
quaff,0,25
tough,0,25
moose,0,25
decriminalize,0,25
copyright,0,25
spiff,0,25
gim,0,25
resupply,0,25
moot,0,24
these,0,24
ofthat,0,24
deep_six,0,24
moon,0,24
scalp,0,24
mangle,0,24
indude,0,24
huck,0,24
misquote,0,24
finetune,0,23
persh,0,23
must,0,23
riff,0,23
quad,0,23
smoothe,0,23
cantilever,0,23
tide,0,23
bookmark,0,23
safekeep,0,23
overtighten,0,23
lengthwise,0,22
section,0,22
retighten,0,22
haze,0,22
splinter,0,22
rewarm,0,22
splint,0,21
dude,0,21
extrovert,0,21
razz,0,21
writ,0,21
sensationalize,0,21
satiate,0,21
oversize,0,21
sugarcoat,0,21
slake,0,20
parish,0,20
jonese,0,20
waterlog,0,20
reanimate,0,20
rubber_stamp,0,20
sideswipe,0,20
betcha,0,19
woodsh,0,19
ouch,0,19
haw,0,19
repot,0,19
misstate,0,19
gild,0,19
thirst,0,19
harpoon,0,19
soft_pedal,0,19
pig,0,19
artichoke,0,19
deject,0,19
san,0,19
riffle,0,19
peach,0,19
anything,0,18
thru_hike,0,18
outfox,0,18
filch,0,18
footb,0,18
garlic,0,18
backup,0,18
nothing,0,18
squire,0,18
chap,0,18
overstay,0,18
overfly,0,18
overnight,0,18
guffaw,0,18
faintheart,0,17
kosher,0,17
ma'am,0,17
singin,0,17
sav,0,17
abscond,0,17
season,0,17
reforest,0,17
anesthetize,0,17
didn,0,17
vi,0,16
reverse_engineer,0,16
hardpress,0,16
insect,0,16
pinto,0,16
least,0,16
overburden,0,16
scribe,0,16
freakin,0,16
sir,0,15
sayin,0,15
c/o,0,15
manmade,0,15
repossess,0,15
awash,0,15
unbecome,0,15
perfume,0,15
swig,0,15
unturn,0,15
never,0,15
preinstal,0,15
mispronounce,0,15
snail_mail,0,14
volume,0,14
idiot,0,14
destigmatize,0,14
mcdonald,0,14
outthink,0,14
fraternize,0,14
intellectualize,0,14
applique,0,14
mountaineer,0,14
steward,0,14
goo.gl,0,13
psychoanalyze,0,13
zag,0,13
bestsell,0,13
bespectacle,0,13
reshoot,0,13
decertify,0,12
jesus,0,12
rogue,0,12
piddle,0,12
strip_mine,0,12
exorcize,0,12
suborn,0,12
topo,0,12
pagan,0,11
taste_test,0,11
recapitalize,0,11
aah,0,11
italicize,0,11
clearcut,0,11
descent,0,11
backpacker.com,0,11
fee,0,11
volumize,0,11
undrain,0,11
loa,0,10
f.,0,10
high,0,10
lhe,0,10
comparison,0,10
heartbreak,0,10
re_ignite,0,10
co_find,0,10
potty,0,10
one,0,10
sible,0,10
misappropriate,0,9
defang,0,9
wilh,0,9
bulb,0,9
julienn,0,8
really,0,8
decaffeinate,0,7
parley,0,7
bastard,0,7
hey,0,7
hunh,0,7
luteinize,0,7
custom_build,0,7
preorder,0,7
revenue,0,7
a.k.a.,0,7
rice,0,7
hemlock,0,7
huh,0,6
ext.,0,6
yike,0,6